,Premature_Death_AIAN,Premature_Death_Asian,Premature_Death_Black,Premature_Death_Hispanic,Premature_Death_White,Premature_Death_NHOPI,DeathGap_NHOPI,DeathGap_NHOPI,DeathGap_NHOPI,DeathGap_NHOPI,DeathGap_NHOPI,DeathGap_NHOPI
count,437.0,456.0,1495.0,1167.0,3101.0,95.0,95.0,95.0,95.0,95.0,95.0,95.0
mean,20931.32379911144,3836.006353939035,15222.709704134248,7625.01070175707,10005.108399891518,13759.112083104212,5684.1643848926315,5684.1643848926315,5684.1643848926315,5684.1643848926315,5684.1643848926315,5684.1643848926315
std,12293.305803374506,1525.1163282864054,4898.569404015149,3334.402567213414,3347.4126485229785,5467.367632942166,5257.847920425561,5257.847920425561,5257.847920425561,5257.847920425561,5257.847920425561,5257.847920425561
min,3150.4538379,1441.20647,3826.1367883,2713.4760302,2449.1636093,3152.9674872,-4720.200552599999,-4720.200552599999,-4720.200552599999,-4720.200552599999,-4720.200552599999,-4720.200552599999
25%,11390.951882,2839.208016075,11759.2032555,5692.37726715,7568.1392851,10388.0244145,1904.3143959500003,1904.3143959500003,1904.3143959500003,1904.3143959500003,1904.3143959500003,1904.3143959500003
50%,18402.284431,3489.4143556500003,15132.387406,6939.7201978,9635.1274496,12790.409337,5500.447994700001,5500.447994700001,5500.447994700001,5500.447994700001,5500.447994700001,5500.447994700001
75%,28148.927816,4359.680289575001,18169.444904,8790.9201498,12094.679066,17202.418883,8813.518344400001,8813.518344400001,8813.518344400001,8813.518344400001,8813.518344400001,8813.518344400001
max,81499.082325,14487.85621,51329.093817,71259.882118,31780.606227,32653.720888,22058.388116,22058.388116,22058.388116,22058.388116,22058.388116,22058.388116
